#,"",Clump_thickness,Uniformity_of_cell_size,Uniformity_of_cell_shape,Marginal_adhesion,Single_epithelial_cell_size,Bare_nuclei,Bland_chromatin,Normal_nucleoli,Mitoses,Class
1,std,2.861665,3.240219,3.123098,3.157701,2.449545,3.878645,2.645037,3.392244,2.054182,1.000230
2,min,1.000000,1.000000,1.000000,1.000000,1.000000,1.000000,1.000000,1.000000,1.000000,2.000000
3,mean,5.367615,4.216630,4.277899,3.726477,3.868709,4.739606,4.196937,3.840263,1.897155,3.041575
4,max,10.000000,10.000000,10.000000,10.000000,10.000000,10.000000,10.000000,10.000000,10.000000,4.000000
5,count,457.000000,457.000000,457.000000,457.000000,457.000000,457.000000,457.000000,457.000000,457.000000,457.000000
6,75%,8.000000,7.000000,7.000000,6.000000,5.000000,10.000000,7.000000,7.000000,2.000000,4.000000
7,50%,5.000000,3.000000,3.000000,2.000000,3.000000,3.000000,3.000000,2.000000,1.000000,4.000000
8,25%,3.000000,1.000000,1.000000,1.000000,2.000000,1.000000,2.000000,1.000000,1.000000,2.000000
