#,"",Sample_code_number,Clump_thickness,Uniformity_of_cell_size,Uniformity_of_cell_shape,Marginal_adhesion,Single_epithelial_cell_size,Bland_chromatin,Normal_nucleoli,Mitoses,Class
1,count,6.990000e+02,699.000000,699.000000,699.000000,699.000000,699.000000,699.000000,699.000000,699.000000,699.000000
2,mean,1.071704e+06,4.417740,3.134478,3.207439,2.806867,3.216023,3.437768,2.866953,1.589413,2.689557
3,std,6.170957e+05,2.815741,3.051459,2.971913,2.855379,2.214300,2.438364,3.053634,1.715078,0.951273
4,min,6.163400e+04,1.000000,1.000000,1.000000,1.000000,1.000000,1.000000,1.000000,1.000000,2.000000
5,25%,8.706885e+05,2.000000,1.000000,1.000000,1.000000,2.000000,2.000000,1.000000,1.000000,2.000000
6,50%,1.171710e+06,4.000000,1.000000,1.000000,1.000000,2.000000,3.000000,1.000000,1.000000,2.000000
7,75%,1.238298e+06,6.000000,5.000000,5.000000,4.000000,4.000000,5.000000,4.000000,1.000000,4.000000
8,max,1.345435e+07,10.000000,10.000000,10.000000,10.000000,10.000000,10.000000,10.000000,10.000000,4.000000
